{
    "configurations": [
        {
            "type": "java",
            "name": "CodeLens (Launch) - Ex5",
            "request": "launch",
            "mainClass": "Ex5"
        },
        {
            "type": "java",
            "name": "CodeLens (Launch) - Ex3",
            "request": "launch",
            "mainClass": "Ex3"
        },
        {
            "type": "java",
            "name": "CodeLens (Launch) - Ex2",
            "request": "launch",
            "mainClass": "Ex2"
        },
        {
            "type": "java",
            "name": "CodeLens (Launch) - Ex1",
            "request": "launch",
            "mainClass": "Ex1"
        },
        {
            "type": "java",
            "name": "CodeLens (Launch) - Helloworld",
            "request": "launch",
            "mainClass": "Helloworld"
        }
    ]
}